封面,名称,类型,排名,话数,放送时间,导演,声优,脚本,评分,评分人数
https://lain.bgm.tv/pic/cover/c/a6/66/326_D8wjw.jpg,攻壳机动队 S.A.C. 2nd GIG,TV,1,26,2004年1月1日,神山健治,田中敦子、Mary Elizabeth McGlynn、大塚明夫、阪脩、山寺宏一、Crispin Freeman、仲野裕、大川透、小野塚貴志、玉川砂記子,['士郎正宗'],9.2,8159
https://lain.bgm.tv/pic/cover/c/c2/4c/253_jJJj9.jpg,星际牛仔,TV,2,26,1998年10月23日,渡辺信一郎,山寺宏一、Steven Blum、石塚運昇、김기현、林原めぐみ、Wendee Lee、多田葵、山寺宏一、若本規夫、高島雅羅、緑川光、堀内賢雄,"['矢立肇', '川元利浩']",9.1,15889
https://lain.bgm.tv/pic/cover/c/67/d1/876_dCfrd.jpg,CLANNAD 〜AFTER STORY〜,TV,3,24,2008年10月2日,石原立也,中村悠一、中原麻衣、こおろぎさとみ、井上喜久子、置鮎龍太郎、中博史、緑川光、川上とも子、広橋涼,"['Key', 'VISUALARTS', '池田和美']",9.1,24307
https://lain.bgm.tv/pic/cover/c/fd/60/25961_WDKz6.jpg,猫和老鼠,TV,4,161,1940年2月10日,WilliamHanna(1940–58)→JosephBarbera(1940–58)→GeneDeitch(1961–62)ChuckJones(1963–67)、MauriceNoble(1964–67)、AbeLevitow(1965–67)、TomRay(1966–67)、BenWasham(1966–67),William Hanna,[],9.1,10686
https://lain.bgm.tv/pic/cover/c/f2/fc/324_psuXk.jpg,攻壳机动队 STAND ALONE COMPLEX,TV,5,26,2002年10月1日,神山健治,田中敦子、Mary Elizabeth McGlynn、大塚明夫、山寺宏一、阪脩、山寺宏一、Crispin Freeman、仲野裕、大川透、小野塚貴志,"['士郎正宗「攻殻機動隊」（講談社ヤングマガジンKCDX刊）', '下村一（りぱ）']",9.1,9392
https://lain.bgm.tv/pic/cover/c/fe/45/6049_zy52O.jpg,新世纪福音战士剧场版 Air/真心为你,剧场版,6,2,1997年7月19日,鶴巻和哉、庵野秀明,緒方恵美、林原めぐみ、宮村優子、三石琴乃、山口由里子、長沢美樹、清川元夢、優希比呂、子安武人,"['GAINAX、庵野秀明', '貞本義行（コミック：月刊少年エース連載／角川書店）']",8.9,16431
https://lain.bgm.tv/pic/cover/c/53/9f/237_78UdL.jpg,攻壳机动队,剧场版,7,1,1995年11月18日,押井守,田中敦子、坂本真綾、大塚明夫、大木民夫、山寺宏一、仲野裕、家弓家正,"['士郎正宗', '沖浦啓之']",8.9,9211
https://lain.bgm.tv/pic/cover/c/71/37/1728_HLsCr.jpg,浪客剑心 追忆篇,OVA,8,4,1999年2月20日,古橋一浩,涼風真世、鈴木真仁、岩男潤子、池田秀一、鈴置洋孝、日比野朱里、佐々木望、関智一、岩永哲哉、高木渉,"['和月伸宏', '柳沢まさひで']",8.9,7621
https://lain.bgm.tv/pic/cover/c/a9/79/10380_YwP4R.jpg,命运石之门,TV,9,25,2011年4月6日,佐藤卓哉、浜崎博嗣、小林智樹(第25話),宮野真守、今井麻美、花澤香菜、関智一、田村ゆかり、後藤沙緒里、小林ゆう、桃井はるこ、てらそままさき,['坂井久太'],8.8,30498
https://lain.bgm.tv/pic/cover/c/5c/49/211567_pGm5Q.jpg,3月的狮子 第二季,TV,10,22,2017年10月14日,新房昭之,河西健吾、茅野愛衣、花澤香菜、久野美咲、三瓶由布子、岡本信彦、井上麻里奈、細谷佳正、三木眞一郎、杉田智和,"['羽海野チカ（白泉社ヤングアニマル連載）', '杉山延寛']",8.8,8214
https://lain.bgm.tv/pic/cover/c/e5/69/265_Z5Uou.jpg,新世纪福音战士,TV,11,26,1995年10月4日,庵野秀明,緒方恵美、林原めぐみ、刘海霞、宮村優子、徐琳、三石琴乃、長沢美樹、山寺宏一、清川元夢、岩永哲哉、岩男潤子,"['GAINAX', '貞本義行']",8.8,26469
https://lain.bgm.tv/pic/cover/c/06/63/1428_xwkMI.jpg,钢之炼金术师 FULLMETAL ALCHEMIST,TV,12,64,2009年4月5日,入江泰浩,朴璐美、釘宮理恵、高本めぐみ、石塚運昇、浪川大輔、鷹森淑乃、小山茉美、麻生美代子、津田匠子、佐々木誠二、三木眞一郎,"['荒川弘（掲載月刊『少年ガンガン』スクウェア・エニックス刊）', '菅野宏紀；副人设：竹越充保、金田尚美']",8.8,20072
https://lain.bgm.tv/pic/cover/c/ca/f1/321_j3YWy.jpg,机动警察剧场版2 和平保卫战,剧场版,13,1,1993年8月7日,押井守,大林隆介、榊原良子、竹中直人、根津甚八、冨永みーな、古川登志夫、郷里大輔、池水通洋、二又一成,"['ヘッドギア', '高田明美、ゆうきまさみ']",8.8,3167
https://lain.bgm.tv/pic/cover/c/c7/55/2907_8xX82.jpg,银河英雄传说,OVA,14,110,1988年1月8日,田中芳樹,堀川りょう、富山敬、広中雅志、森功至、若本規夫、塩沢兼人、勝生真沙子、佐々木望、榊原良子,"['本木久年(1期)、清水恵蔵(1期,3期～)、久米一成(2期)；客串人物设定(3期)：松本文男']",8.8,2371
https://lain.bgm.tv/pic/cover/c/8f/7d/839_0uIrU.jpg,蓝色恐惧,剧场版,15,1,1998年2月28日,今敏,岩男潤子、大倉正章、松本梨香,['竹内義和'],8.8,8780
https://lain.bgm.tv/pic/cover/c/ac/1d/238_jJONA.jpg,攻壳机动队2 无罪,剧场版,16,1,2004年3月6日,押井守,大塚明夫、田中敦子、Mary Elizabeth McGlynn、大木民夫、山寺宏一、Crispin Freeman、仲野裕、竹中直人、榊原良子,"['士郎正宗', '沖浦啓之辅:西尾鉄也']",8.7,6550
https://lain.bgm.tv/pic/cover/c/73/26/110467_Fx9tT.jpg,白箱,TV,17,24,2014年10月9日,水島努,木村珠莉、佳村はるか、千菅春香、髙野麻美、大和田仁美、西地修哉、吉野裕行、山岡ゆり、松岡禎丞,"['武蔵野アニメーション', '関口可奈味；辅佐：川面恒介、大東百合恵、西畑あゆみ、早川麻美、秋山有希、牧野博美']",8.7,18316
https://lain.bgm.tv/pic/cover/c/9b/9b/3375_33BCV.jpg,凉宫春日的消失,剧场版,18,1,2010年2月6日,武本康弘,杉田智和、Crispin Freeman、茅原実里、平野綾、Wendee Lee、後藤邑子、小野大輔、桑谷夏子、松岡由貴、白石稔,"['谷川流', '池田晶子']",8.7,19262
https://lain.bgm.tv/pic/cover/c/40/00/340_J14Mj.jpg,虫师,TV,19,26,2005年10月22日,長濵博史,沢城みゆき、中野裕斗、土井美加、うえだゆうじ、伊瀬茉莉也、三瓶由布子、岡明子、國分優香里、本城雄太郎、翠準子,"['漆原友紀', '馬越嘉彦']",8.7,9968
https://lain.bgm.tv/pic/cover/c/e1/36/11834_F225g.jpg,银魂',TV,20,51,2011年4月4日,藤田陽一,杉田智和、釘宮理恵、阪口大助、高橋美佳子、ゆきのさつき、立木文彦、折笠富美子、菅生隆之、野中藍,['空知英秋'],8.7,11628
https://lain.bgm.tv/pic/cover/c/fa/83/840_JRk3Z.jpg,千年女优,剧场版,21,1,2001-07-28、2002-09-14,今敏,折笠富美子、小山茉美、荘司美代子、山寺宏一、佐藤政道、飯塚昭三、小野坂昌也,['本田雄、今敏'],8.7,10261
https://lain.bgm.tv/pic/cover/c/c2/56/263750_56TBs.jpg,进击的巨人 第三季 Part.2,TV,22,10,2019年4月28日,諫山創（別冊少年マガジン連載／講談社）,梶裕貴、石川由依、井上麻里奈、神谷浩史、谷山紀章、三上枝織、下野紘、細谷佳正、朴璐美,[],8.7,16526
https://lain.bgm.tv/pic/cover/c/3c/ec/247_MnPPU.jpg,银魂,TV,23,201,2006年4月4日,高松信司（第1-105話）→藤田陽一（第100-話）,杉田智和、矢口アサミ、釘宮理恵、阪口大助、高橋美佳子、ゆきのさつき、杉本ゆう、立木文彦、折笠富美子、鈴村健一,"['空知英秋', '竹内進二']",8.7,11382
https://lain.bgm.tv/pic/cover/c/9d/fc/311_GAg3x.jpg,千与千寻,剧场版,24,1,2001年7月20日,宮崎駿,柊瑠美、入野自由、玉井夕海、夏木マリ、夏木マリ、神木隆之介、菅原文太、中村彰男、大泉洋,['宮崎駿'],8.6,21146
https://lain.bgm.tv/pic/cover/c/1d/35/216371_5926R.jpg,莉兹与青鸟,剧场版,25,1,2018年4月21日,山田尚子,種﨑敦美、東山奈央、本田望結、本田望結、藤村鼓乃美、山岡ゆり、中村悠一、桑島法子、杉浦しおり,"['武田綾乃（宝島社文庫「響け！ユーフォニアム北宇治高校吹奏楽部、波乱の第二楽章」）', '西屋太志']",8.6,15035
https://lain.bgm.tv/pic/cover/c/fa/af/1608_3I59P.jpg,灌篮高手,TV,26,101,1993年10月16日,井上雄彦,草尾毅、于正昇、緑川光、塩屋翼、置鮎龍太郎、緒方恵美、梁田清之、西村知道、平松晶子、田中秀幸、森川智之、于正昇,[],8.6,8377
https://lain.bgm.tv/pic/cover/c/1e/63/93739_TZ9dS.jpg,乒乓,TV,27,11,2014年4月10日,湯浅政明,片山福十郎、内山昂輝、文晔星、木村昴、咲野俊介、屋良有作、野沢雅子、程波、津田健次郎,"['「ピンポン」松本大洋（小学館ビッグスピリッツコミックス刊）', '伊東伸高']",8.6,12782
https://lain.bgm.tv/pic/cover/c/c8/50/1270_Yo7p2.jpg,水星领航员 第三季,TV,28,14,2008年1月8日,佐藤順一,葉月絵理乃、斎藤千和、広橋涼、大原さやか、皆川純子、川上とも子、河井英里、西村ちなみ、水橋かおり、松尾佳子,"['天野こずえ「ARIA」（月刊コミックブレイド連載）', '古賀誠、ゲストキャラクター協力：天野こずえ(2,13)']",8.7,2349
https://lain.bgm.tv/pic/cover/c/64/b3/37460_gtg0V.jpg,哆啦A梦 大山版,TV,29,1787,1979年4月2日,無→もとひら了→芝山努,大山のぶ代、林保全、劉傑、よこざわけい子、納谷六朗、青木和代、鳳芳野、横尾まり,[],8.6,2429
https://lain.bgm.tv/pic/cover/c/e5/34/67753_OYWBt.jpg,明日之丈2,TV,30,47,1980年10月13日,出﨑統(演出),あおい輝彦、納谷六朗、中尾隆聖、白石冬美、田中エミ、藤岡重慶、だるま 二郎,[],8.7,540
https://lain.bgm.tv/pic/cover/c/29/89/1015_Z2xoh.jpg,机动战士高达0080 口袋里的战争,OVA,31,6,1989年3月25日,高山文彦,浪川大輔、辻谷耕史、林原めぐみ、稲葉実、折笠愛、筈見純、榊原良子、秋元羊介、島香裕,"['矢立肇、富野由悠季', '美樹本晴彦']",8.6,4437
https://lain.bgm.tv/pic/cover/c/95/f6/1962_6Us14.jpg,大闹天宫,剧场版,32,1,1961年12月,万籁鸣,邱岳峰、于鼎、毕克、富润生、尚华、于鼎,['西游记'],8.6,4715
https://lain.bgm.tv/pic/cover/c/7f/c6/4019_f34f4.jpg,四叠半神话大系,TV,33,11,2010年4月22日,湯浅政明,浅沼晋太郎、吉野裕行、坂本真綾、藤原啓治、甲斐田裕子、諏訪部順一、佐藤せつじ、能登麻美子、浅沼晋太郎、檜山修之,"['森見登美彦', '伊東伸高']",8.6,12026
https://lain.bgm.tv/pic/cover/c/cb/57/9717_sAVag.jpg,魔法少女小圆,TV,34,12,2011年1月6日,新房昭之,悠木碧、斎藤千和、喜多村英梨、水橋かおり、野中藍、加藤英美里、吉田聖子、新谷良子、後藤邑子,"['MagicaQuartet', '岸田隆宏']",8.6,29999
https://lain.bgm.tv/pic/cover/c/4e/a0/770_EvrMq.jpg,天元突破 红莲螺岩,TV,36,27,2007年4月1日,今石洋之,菅生隆之、柿原徹也、小西克幸、井上麻里奈、福井裕佳梨、伊藤静、小野坂昌也、檜山修之、中村大樹、谷山紀章,['錦織敦史'],8.6,13130
https://lain.bgm.tv/pic/cover/c/13/c5/400602_ZI8Y9.jpg,葬送的芙莉莲,TV,37,28,2023年9月29日,斎藤圭一郎,種﨑敦美、市ノ瀬加那、清都ありさ、小林千晃、岡本信彦、東地宏樹、上田燿司、中村悠一、川井田夏海、田中敦子、安元洋貴,"['山田鐘人・アベツカサ（小学館「週刊少年サンデー」連載中）', '長澤礼子']",8.5,22893
https://lain.bgm.tv/pic/cover/c/9c/c7/106207_z8288.jpg,虫师 续章 第2部分,TV,38,10,2014年10月18日,長濵博史,沢城みゆき、中野裕斗、折笠富美子、土井美加,"['漆原友紀', '馬越嘉彦']",8.6,3613
https://lain.bgm.tv/pic/cover/c/31/1c/44693_YS9kU.jpg,剧场版 魔法少女小圆 [新篇] 叛逆的物语,剧场版,39,1,2013年10月26日,宮本幸裕,悠木碧、斎藤千和、喜多村英梨、水橋かおり、野中藍、加藤英美里、阿澄佳奈、阿澄佳奈、後藤邑子,"['MagicaQuartet', '岸田隆宏、谷口淳一郎']",8.5,13433
https://lain.bgm.tv/pic/cover/c/c5/2f/254_PLvyV.jpg,混沌武士,TV,40,26,2004年5月19日,渡辺信一郎,中井和哉、佐藤銀平、川澄綾子、石塚運昇、日髙のり子、渋谷茂、鶴ひろみ、三木眞一郎、大塚芳忠,"['Manglobe', '中澤一登；人物设定辅佐：小森秀人']",8.5,8631
https://lain.bgm.tv/pic/cover/c/c0/a7/146457_G7nNG.jpg,瑞克和莫蒂 第三季,TV,41,10,2017年4月1日,JustinRoiland、DanHarmon,Justin Roiland、Justin Roiland、Sarah Chalke、Chris Parnell、Spencer Grammer,[],8.5,4235
https://lain.bgm.tv/pic/cover/c/65/90/325285_4688X.jpg,奇巧计程车,TV,42,13,2021年4月5日,木下麦（P.I.C.S.）,花江夏樹、飯田里穂、木村良平、山口勝平、三森すずこ、小泉萌香、村上まなつ、古川慎、昴生,"['P.I.C.S.', '木下麦・中山裕美']",8.5,15787
https://lain.bgm.tv/pic/cover/c/f5/a0/39923_k7338.jpg,新世纪福音战士剧场版 DEATH(TRUE)2/Air/真心为你,剧场版,43,3,1998年3月7日,庵野秀明,,[],8.5,6453
https://lain.bgm.tv/pic/cover/c/02/a3/841_P6wS5.jpg,红辣椒,剧场版,44,1,2006年11月25日,今敏,林原めぐみ、堀勝之祐、古谷徹、大塚明夫、江守徹、山寺宏一、林原めぐみ、筒井康隆、今敏,"['筒井康隆', '安藤雅司']",8.5,10364
https://lain.bgm.tv/pic/cover/c/26/e3/298_WFVhX.jpg,天空之城,剧场版,45,1,1986年8月2日,宮崎駿,よこざわけい子、Anna Paquin、田中真弓、初井言榮、Mark Hamill、寺田農、永井一郎、Jim Cummings、糸博、神山卓三、安原義人、亀山助清,['宮崎駿（徳間書店月刊「アニメージュ」連載）'],8.5,12404
https://lain.bgm.tv/pic/cover/c/a6/33/92705_P0yq4.jpg,虫师 续章,TV,46,11,2014年4月4日,長濵博史,中野裕斗、うえだゆうじ、小林愛、日笠陽子、岸尾だいすけ、土井美加,"['漆原友紀', '馬越嘉彦']",8.5,4032
https://lain.bgm.tv/pic/cover/c/6f/ab/3302_rEfZV.jpg,福音战士新剧场版：破,剧场版,47,1,2009年6月27日,摩砂雪、鶴巻和哉,緒方恵美、林原めぐみ、宮村優子、坂本真綾、三石琴乃、山口由里子、長沢美樹、石田彰、林原めぐみ,"['庵野秀明', '貞本義行（主）']",8.5,13926
https://lain.bgm.tv/pic/cover/c/0e/14/9912_vHEd6.jpg,日常,TV,48,26,2011年4月2日,石原立也,本多真梨子、相沢舞、富樫美鈴、古谷静佳、今野宏美、白石稔、堀川千華、川原慶久、山本和臣,"['あらゐけいいち', '西屋太志']",8.5,20011
https://lain.bgm.tv/pic/cover/c/33/80/4583_RvVeE.jpg,机动战士高达 逆袭的夏亚,剧场版,49,1,1988年3月12日,林弘幸,古谷徹、池田秀一、鈴置洋孝、森しん、川村万梨阿、佐々木望、山寺宏一、榊原良子、弥生みつき,"['富野由悠季', '北爪宏幸']",8.5,3539
https://lain.bgm.tv/pic/cover/c/69/28/152091_Bg7Hc.jpg,吹响！悠风号 第二季,TV,50,13,2016年10月5日,石原立也,黒沢ともよ、朝井彩加、豊田萌絵、安済知佳、寿美菜子、茅原実里、藤村鼓乃美、山岡ゆり、沼倉愛美,"['武田綾乃（宝島社文庫「響け！ユーフォニアム」シリーズ）', '池田晶子']",8.5,13734
https://lain.bgm.tv/pic/cover/c/36/2e/848_RC9L8.jpg,蜂蜜与四叶草II,TV,51,12,2006年6月29日,長井龍雪,野島健児、神谷浩史、本田貴子、工藤晴香、杉田智和、大原さやか、高橋美佳子、釘宮理恵、うえだゆうじ、藤原啓治、皆川純子、竹若拓磨、浜田賢二,"['羽海野チカ', '島村秀一']",8.5,3894
