{"封面": "https://lain.bgm.tv/pic/cover/c/a6/66/326_D8wjw.jpg", "名称": "攻壳机动队 S.A.C. 2nd GIG", "类型": "TV", "排名": 1, "话数": 26, "放送时间": "2004年1月1日", "导演": "神山健治", "声优": ["田中敦子", "Mary Elizabeth McGlynn", "大塚明夫", "阪脩", "山寺宏一", "Crispin Freeman", "仲野裕", "大川透", "小野塚貴志", "玉川砂記子"], "脚本": ["士郎正宗"], "评分": 9.2, "评分人数": 8159}
{"封面": "https://lain.bgm.tv/pic/cover/c/c2/4c/253_jJJj9.jpg", "名称": "星际牛仔", "类型": "TV", "排名": 2, "话数": 26, "放送时间": "1998年10月23日", "导演": "渡辺信一郎", "声优": ["山寺宏一", "Steven Blum", "石塚運昇", "김기현", "林原めぐみ", "Wendee Lee", "多田葵", "山寺宏一", "若本規夫", "高島雅羅", "緑川光", "堀内賢雄"], "脚本": ["矢立肇", "川元利浩"], "评分": 9.1, "评分人数": 15889}
{"封面": "https://lain.bgm.tv/pic/cover/c/67/d1/876_dCfrd.jpg", "名称": "CLANNAD 〜AFTER STORY〜", "类型": "TV", "排名": 3, "话数": 24, "放送时间": "2008年10月2日", "导演": "石原立也", "声优": ["中村悠一", "中原麻衣", "こおろぎさとみ", "井上喜久子", "置鮎龍太郎", "中博史", "緑川光", "川上とも子", "広橋涼"], "脚本": ["Key", "VISUALARTS", "池田和美"], "评分": 9.1, "评分人数": 24307}
{"封面": "https://lain.bgm.tv/pic/cover/c/fd/60/25961_WDKz6.jpg", "名称": "猫和老鼠", "类型": "TV", "排名": 4, "话数": 161, "放送时间": "1940年2月10日", "导演": "WilliamHanna(1940–58)→JosephBarbera(1940–58)→GeneDeitch(1961–62)ChuckJones(1963–67)、MauriceNoble(1964–67)、AbeLevitow(1965–67)、TomRay(1966–67)、BenWasham(1966–67)", "声优": ["William Hanna"], "脚本": [], "评分": 9.1, "评分人数": 10686}
{"封面": "https://lain.bgm.tv/pic/cover/c/f2/fc/324_psuXk.jpg", "名称": "攻壳机动队 STAND ALONE COMPLEX", "类型": "TV", "排名": 5, "话数": 26, "放送时间": "2002年10月1日", "导演": "神山健治", "声优": ["田中敦子", "Mary Elizabeth McGlynn", "大塚明夫", "山寺宏一", "阪脩", "山寺宏一", "Crispin Freeman", "仲野裕", "大川透", "小野塚貴志"], "脚本": ["士郎正宗「攻殻機動隊」（講談社ヤングマガジンKCDX刊）", "下村一（りぱ）"], "评分": 9.1, "评分人数": 9392}
{"封面": "https://lain.bgm.tv/pic/cover/c/fe/45/6049_zy52O.jpg", "名称": "新世纪福音战士剧场版 Air/真心为你", "类型": "剧场版", "排名": 6, "话数": 2, "放送时间": "1997年7月19日", "导演": "鶴巻和哉、庵野秀明", "声优": ["緒方恵美", "林原めぐみ", "宮村優子", "三石琴乃", "山口由里子", "長沢美樹", "清川元夢", "優希比呂", "子安武人"], "脚本": ["GAINAX、庵野秀明", "貞本義行（コミック：月刊少年エース連載／角川書店）"], "评分": 8.9, "评分人数": 16431}
{"封面": "https://lain.bgm.tv/pic/cover/c/53/9f/237_78UdL.jpg", "名称": "攻壳机动队", "类型": "剧场版", "排名": 7, "话数": 1, "放送时间": "1995年11月18日", "导演": "押井守", "声优": ["田中敦子", "坂本真綾", "大塚明夫", "大木民夫", "山寺宏一", "仲野裕", "家弓家正"], "脚本": ["士郎正宗", "沖浦啓之"], "评分": 8.9, "评分人数": 9211}
{"封面": "https://lain.bgm.tv/pic/cover/c/71/37/1728_HLsCr.jpg", "名称": "浪客剑心 追忆篇", "类型": "OVA", "排名": 8, "话数": 4, "放送时间": "1999年2月20日", "导演": "古橋一浩", "声优": ["涼風真世", "鈴木真仁", "岩男潤子", "池田秀一", "鈴置洋孝", "日比野朱里", "佐々木望", "関智一", "岩永哲哉", "高木渉"], "脚本": ["和月伸宏", "柳沢まさひで"], "评分": 8.9, "评分人数": 7621}
{"封面": "https://lain.bgm.tv/pic/cover/c/a9/79/10380_YwP4R.jpg", "名称": "命运石之门", "类型": "TV", "排名": 9, "话数": 25, "放送时间": "2011年4月6日", "导演": "佐藤卓哉、浜崎博嗣、小林智樹(第25話)", "声优": ["宮野真守", "今井麻美", "花澤香菜", "関智一", "田村ゆかり", "後藤沙緒里", "小林ゆう", "桃井はるこ", "てらそままさき"], "脚本": ["坂井久太"], "评分": 8.8, "评分人数": 30498}
{"封面": "https://lain.bgm.tv/pic/cover/c/5c/49/211567_pGm5Q.jpg", "名称": "3月的狮子 第二季", "类型": "TV", "排名": 10, "话数": 22, "放送时间": "2017年10月14日", "导演": "新房昭之", "声优": ["河西健吾", "茅野愛衣", "花澤香菜", "久野美咲", "三瓶由布子", "岡本信彦", "井上麻里奈", "細谷佳正", "三木眞一郎", "杉田智和"], "脚本": ["羽海野チカ（白泉社ヤングアニマル連載）", "杉山延寛"], "评分": 8.8, "评分人数": 8214}
{"封面": "https://lain.bgm.tv/pic/cover/c/e5/69/265_Z5Uou.jpg", "名称": "新世纪福音战士", "类型": "TV", "排名": 11, "话数": 26, "放送时间": "1995年10月4日", "导演": "庵野秀明", "声优": ["緒方恵美", "林原めぐみ", "刘海霞", "宮村優子", "徐琳", "三石琴乃", "長沢美樹", "山寺宏一", "清川元夢", "岩永哲哉", "岩男潤子"], "脚本": ["GAINAX", "貞本義行"], "评分": 8.8, "评分人数": 26469}
{"封面": "https://lain.bgm.tv/pic/cover/c/06/63/1428_xwkMI.jpg", "名称": "钢之炼金术师 FULLMETAL ALCHEMIST", "类型": "TV", "排名": 12, "话数": 64, "放送时间": "2009年4月5日", "导演": "入江泰浩", "声优": ["朴璐美", "釘宮理恵", "高本めぐみ", "石塚運昇", "浪川大輔", "鷹森淑乃", "小山茉美", "麻生美代子", "津田匠子", "佐々木誠二", "三木眞一郎"], "脚本": ["荒川弘（掲載月刊『少年ガンガン』スクウェア・エニックス刊）", "菅野宏紀；副人设：竹越充保、金田尚美"], "评分": 8.8, "评分人数": 20072}
{"封面": "https://lain.bgm.tv/pic/cover/c/ca/f1/321_j3YWy.jpg", "名称": "机动警察剧场版2 和平保卫战", "类型": "剧场版", "排名": 13, "话数": 1, "放送时间": "1993年8月7日", "导演": "押井守", "声优": ["大林隆介", "榊原良子", "竹中直人", "根津甚八", "冨永みーな", "古川登志夫", "郷里大輔", "池水通洋", "二又一成"], "脚本": ["ヘッドギア", "高田明美、ゆうきまさみ"], "评分": 8.8, "评分人数": 3167}
{"封面": "https://lain.bgm.tv/pic/cover/c/c7/55/2907_8xX82.jpg", "名称": "银河英雄传说", "类型": "OVA", "排名": 14, "话数": 110, "放送时间": "1988年1月8日", "导演": "田中芳樹", "声优": ["堀川りょう", "富山敬", "広中雅志", "森功至", "若本規夫", "塩沢兼人", "勝生真沙子", "佐々木望", "榊原良子"], "脚本": ["本木久年(1期)、清水恵蔵(1期,3期～)、久米一成(2期)；客串人物设定(3期)：松本文男"], "评分": 8.8, "评分人数": 2371}
{"封面": "https://lain.bgm.tv/pic/cover/c/8f/7d/839_0uIrU.jpg", "名称": "蓝色恐惧", "类型": "剧场版", "排名": 15, "话数": 1, "放送时间": "1998年2月28日", "导演": "今敏", "声优": ["岩男潤子", "大倉正章", "松本梨香"], "脚本": ["竹内義和"], "评分": 8.8, "评分人数": 8780}
{"封面": "https://lain.bgm.tv/pic/cover/c/ac/1d/238_jJONA.jpg", "名称": "攻壳机动队2 无罪", "类型": "剧场版", "排名": 16, "话数": 1, "放送时间": "2004年3月6日", "导演": "押井守", "声优": ["大塚明夫", "田中敦子", "Mary Elizabeth McGlynn", "大木民夫", "山寺宏一", "Crispin Freeman", "仲野裕", "竹中直人", "榊原良子"], "脚本": ["士郎正宗", "沖浦啓之辅:西尾鉄也"], "评分": 8.7, "评分人数": 6550}
{"封面": "https://lain.bgm.tv/pic/cover/c/73/26/110467_Fx9tT.jpg", "名称": "白箱", "类型": "TV", "排名": 17, "话数": 24, "放送时间": "2014年10月9日", "导演": "水島努", "声优": ["木村珠莉", "佳村はるか", "千菅春香", "髙野麻美", "大和田仁美", "西地修哉", "吉野裕行", "山岡ゆり", "松岡禎丞"], "脚本": ["武蔵野アニメーション", "関口可奈味；辅佐：川面恒介、大東百合恵、西畑あゆみ、早川麻美、秋山有希、牧野博美"], "评分": 8.7, "评分人数": 18316}
{"封面": "https://lain.bgm.tv/pic/cover/c/9b/9b/3375_33BCV.jpg", "名称": "凉宫春日的消失", "类型": "剧场版", "排名": 18, "话数": 1, "放送时间": "2010年2月6日", "导演": "武本康弘", "声优": ["杉田智和", "Crispin Freeman", "茅原実里", "平野綾", "Wendee Lee", "後藤邑子", "小野大輔", "桑谷夏子", "松岡由貴", "白石稔"], "脚本": ["谷川流", "池田晶子"], "评分": 8.7, "评分人数": 19262}
{"封面": "https://lain.bgm.tv/pic/cover/c/40/00/340_J14Mj.jpg", "名称": "虫师", "类型": "TV", "排名": 19, "话数": 26, "放送时间": "2005年10月22日", "导演": "長濵博史", "声优": ["沢城みゆき", "中野裕斗", "土井美加", "うえだゆうじ", "伊瀬茉莉也", "三瓶由布子", "岡明子", "國分優香里", "本城雄太郎", "翠準子"], "脚本": ["漆原友紀", "馬越嘉彦"], "评分": 8.7, "评分人数": 9968}
{"封面": "https://lain.bgm.tv/pic/cover/c/e1/36/11834_F225g.jpg", "名称": "银魂'", "类型": "TV", "排名": 20, "话数": 51, "放送时间": "2011年4月4日", "导演": "藤田陽一", "声优": ["杉田智和", "釘宮理恵", "阪口大助", "高橋美佳子", "ゆきのさつき", "立木文彦", "折笠富美子", "菅生隆之", "野中藍"], "脚本": ["空知英秋"], "评分": 8.7, "评分人数": 11628}
{"封面": "https://lain.bgm.tv/pic/cover/c/fa/83/840_JRk3Z.jpg", "名称": "千年女优", "类型": "剧场版", "排名": 21, "话数": 1, "放送时间": "2001-07-28、2002-09-14", "导演": "今敏", "声优": ["折笠富美子", "小山茉美", "荘司美代子", "山寺宏一", "佐藤政道", "飯塚昭三", "小野坂昌也"], "脚本": ["本田雄、今敏"], "评分": 8.7, "评分人数": 10261}
{"封面": "https://lain.bgm.tv/pic/cover/c/c2/56/263750_56TBs.jpg", "名称": "进击的巨人 第三季 Part.2", "类型": "TV", "排名": 22, "话数": 10, "放送时间": "2019年4月28日", "导演": "諫山創（別冊少年マガジン連載／講談社）", "声优": ["梶裕貴", "石川由依", "井上麻里奈", "神谷浩史", "谷山紀章", "三上枝織", "下野紘", "細谷佳正", "朴璐美"], "脚本": [], "评分": 8.7, "评分人数": 16526}
{"封面": "https://lain.bgm.tv/pic/cover/c/3c/ec/247_MnPPU.jpg", "名称": "银魂", "类型": "TV", "排名": 23, "话数": 201, "放送时间": "2006年4月4日", "导演": "高松信司（第1-105話）→藤田陽一（第100-話）", "声优": ["杉田智和", "矢口アサミ", "釘宮理恵", "阪口大助", "高橋美佳子", "ゆきのさつき", "杉本ゆう", "立木文彦", "折笠富美子", "鈴村健一"], "脚本": ["空知英秋", "竹内進二"], "评分": 8.7, "评分人数": 11382}
{"封面": "https://lain.bgm.tv/pic/cover/c/9d/fc/311_GAg3x.jpg", "名称": "千与千寻", "类型": "剧场版", "排名": 24, "话数": 1, "放送时间": "2001年7月20日", "导演": "宮崎駿", "声优": ["柊瑠美", "入野自由", "玉井夕海", "夏木マリ", "夏木マリ", "神木隆之介", "菅原文太", "中村彰男", "大泉洋"], "脚本": ["宮崎駿"], "评分": 8.6, "评分人数": 21146}
{"封面": "https://lain.bgm.tv/pic/cover/c/1d/35/216371_5926R.jpg", "名称": "莉兹与青鸟", "类型": "剧场版", "排名": 25, "话数": 1, "放送时间": "2018年4月21日", "导演": "山田尚子", "声优": ["種﨑敦美", "東山奈央", "本田望結", "本田望結", "藤村鼓乃美", "山岡ゆり", "中村悠一", "桑島法子", "杉浦しおり"], "脚本": ["武田綾乃（宝島社文庫「響け！ユーフォニアム北宇治高校吹奏楽部、波乱の第二楽章」）", "西屋太志"], "评分": 8.6, "评分人数": 15035}
{"封面": "https://lain.bgm.tv/pic/cover/c/fa/af/1608_3I59P.jpg", "名称": "灌篮高手", "类型": "TV", "排名": 26, "话数": 101, "放送时间": "1993年10月16日", "导演": "井上雄彦", "声优": ["草尾毅", "于正昇", "緑川光", "塩屋翼", "置鮎龍太郎", "緒方恵美", "梁田清之", "西村知道", "平松晶子", "田中秀幸", "森川智之", "于正昇"], "脚本": [], "评分": 8.6, "评分人数": 8377}
{"封面": "https://lain.bgm.tv/pic/cover/c/1e/63/93739_TZ9dS.jpg", "名称": "乒乓", "类型": "TV", "排名": 27, "话数": 11, "放送时间": "2014年4月10日", "导演": "湯浅政明", "声优": ["片山福十郎", "内山昂輝", "文晔星", "木村昴", "咲野俊介", "屋良有作", "野沢雅子", "程波", "津田健次郎"], "脚本": ["「ピンポン」松本大洋（小学館ビッグスピリッツコミックス刊）", "伊東伸高"], "评分": 8.6, "评分人数": 12782}
{"封面": "https://lain.bgm.tv/pic/cover/c/c8/50/1270_Yo7p2.jpg", "名称": "水星领航员 第三季", "类型": "TV", "排名": 28, "话数": 14, "放送时间": "2008年1月8日", "导演": "佐藤順一", "声优": ["葉月絵理乃", "斎藤千和", "広橋涼", "大原さやか", "皆川純子", "川上とも子", "河井英里", "西村ちなみ", "水橋かおり", "松尾佳子"], "脚本": ["天野こずえ「ARIA」（月刊コミックブレイド連載）", "古賀誠、ゲストキャラクター協力：天野こずえ(2,13)"], "评分": 8.7, "评分人数": 2349}
{"封面": "https://lain.bgm.tv/pic/cover/c/64/b3/37460_gtg0V.jpg", "名称": "哆啦A梦 大山版", "类型": "TV", "排名": 29, "话数": 1787, "放送时间": "1979年4月2日", "导演": "無→もとひら了→芝山努", "声优": ["大山のぶ代", "林保全", "劉傑", "よこざわけい子", "納谷六朗", "青木和代", "鳳芳野", "横尾まり"], "脚本": [], "评分": 8.6, "评分人数": 2429}
{"封面": "https://lain.bgm.tv/pic/cover/c/e5/34/67753_OYWBt.jpg", "名称": "明日之丈2", "类型": "TV", "排名": 30, "话数": 47, "放送时间": "1980年10月13日", "导演": "出﨑統(演出)", "声优": ["あおい輝彦", "納谷六朗", "中尾隆聖", "白石冬美", "田中エミ", "藤岡重慶", "だるま 二郎"], "脚本": [], "评分": 8.7, "评分人数": 540}
{"封面": "https://lain.bgm.tv/pic/cover/c/29/89/1015_Z2xoh.jpg", "名称": "机动战士高达0080 口袋里的战争", "类型": "OVA", "排名": 31, "话数": 6, "放送时间": "1989年3月25日", "导演": "高山文彦", "声优": ["浪川大輔", "辻谷耕史", "林原めぐみ", "稲葉実", "折笠愛", "筈見純", "榊原良子", "秋元羊介", "島香裕"], "脚本": ["矢立肇、富野由悠季", "美樹本晴彦"], "评分": 8.6, "评分人数": 4437}
{"封面": "https://lain.bgm.tv/pic/cover/c/95/f6/1962_6Us14.jpg", "名称": "大闹天宫", "类型": "剧场版", "排名": 32, "话数": 1, "放送时间": "1961年12月", "导演": "万籁鸣", "声优": ["邱岳峰", "于鼎", "毕克", "富润生", "尚华", "于鼎"], "脚本": ["西游记"], "评分": 8.6, "评分人数": 4715}
{"封面": "https://lain.bgm.tv/pic/cover/c/7f/c6/4019_f34f4.jpg", "名称": "四叠半神话大系", "类型": "TV", "排名": 33, "话数": 11, "放送时间": "2010年4月22日", "导演": "湯浅政明", "声优": ["浅沼晋太郎", "吉野裕行", "坂本真綾", "藤原啓治", "甲斐田裕子", "諏訪部順一", "佐藤せつじ", "能登麻美子", "浅沼晋太郎", "檜山修之"], "脚本": ["森見登美彦", "伊東伸高"], "评分": 8.6, "评分人数": 12026}
{"封面": "https://lain.bgm.tv/pic/cover/c/cb/57/9717_sAVag.jpg", "名称": "魔法少女小圆", "类型": "TV", "排名": 34, "话数": 12, "放送时间": "2011年1月6日", "导演": "新房昭之", "声优": ["悠木碧", "斎藤千和", "喜多村英梨", "水橋かおり", "野中藍", "加藤英美里", "吉田聖子", "新谷良子", "後藤邑子"], "脚本": ["MagicaQuartet", "岸田隆宏"], "评分": 8.6, "评分人数": 29999}
{"封面": "https://lain.bgm.tv/pic/cover/c/4e/a0/770_EvrMq.jpg", "名称": "天元突破 红莲螺岩", "类型": "TV", "排名": 36, "话数": 27, "放送时间": "2007年4月1日", "导演": "今石洋之", "声优": ["菅生隆之", "柿原徹也", "小西克幸", "井上麻里奈", "福井裕佳梨", "伊藤静", "小野坂昌也", "檜山修之", "中村大樹", "谷山紀章"], "脚本": ["錦織敦史"], "评分": 8.6, "评分人数": 13130}
{"封面": "https://lain.bgm.tv/pic/cover/c/13/c5/400602_ZI8Y9.jpg", "名称": "葬送的芙莉莲", "类型": "TV", "排名": 37, "话数": 28, "放送时间": "2023年9月29日", "导演": "斎藤圭一郎", "声优": ["種﨑敦美", "市ノ瀬加那", "清都ありさ", "小林千晃", "岡本信彦", "東地宏樹", "上田燿司", "中村悠一", "川井田夏海", "田中敦子", "安元洋貴"], "脚本": ["山田鐘人・アベツカサ（小学館「週刊少年サンデー」連載中）", "長澤礼子"], "评分": 8.5, "评分人数": 22893}
{"封面": "https://lain.bgm.tv/pic/cover/c/9c/c7/106207_z8288.jpg", "名称": "虫师 续章 第2部分", "类型": "TV", "排名": 38, "话数": 10, "放送时间": "2014年10月18日", "导演": "長濵博史", "声优": ["沢城みゆき", "中野裕斗", "折笠富美子", "土井美加"], "脚本": ["漆原友紀", "馬越嘉彦"], "评分": 8.6, "评分人数": 3613}
{"封面": "https://lain.bgm.tv/pic/cover/c/31/1c/44693_YS9kU.jpg", "名称": "剧场版 魔法少女小圆 [新篇] 叛逆的物语", "类型": "剧场版", "排名": 39, "话数": 1, "放送时间": "2013年10月26日", "导演": "宮本幸裕", "声优": ["悠木碧", "斎藤千和", "喜多村英梨", "水橋かおり", "野中藍", "加藤英美里", "阿澄佳奈", "阿澄佳奈", "後藤邑子"], "脚本": ["MagicaQuartet", "岸田隆宏、谷口淳一郎"], "评分": 8.5, "评分人数": 13433}
{"封面": "https://lain.bgm.tv/pic/cover/c/c5/2f/254_PLvyV.jpg", "名称": "混沌武士", "类型": "TV", "排名": 40, "话数": 26, "放送时间": "2004年5月19日", "导演": "渡辺信一郎", "声优": ["中井和哉", "佐藤銀平", "川澄綾子", "石塚運昇", "日髙のり子", "渋谷茂", "鶴ひろみ", "三木眞一郎", "大塚芳忠"], "脚本": ["Manglobe", "中澤一登；人物设定辅佐：小森秀人"], "评分": 8.5, "评分人数": 8631}
{"封面": "https://lain.bgm.tv/pic/cover/c/c0/a7/146457_G7nNG.jpg", "名称": "瑞克和莫蒂 第三季", "类型": "TV", "排名": 41, "话数": 10, "放送时间": "2017年4月1日", "导演": "JustinRoiland、DanHarmon", "声优": ["Justin Roiland", "Justin Roiland", "Sarah Chalke", "Chris Parnell", "Spencer Grammer"], "脚本": [], "评分": 8.5, "评分人数": 4235}
{"封面": "https://lain.bgm.tv/pic/cover/c/65/90/325285_4688X.jpg", "名称": "奇巧计程车", "类型": "TV", "排名": 42, "话数": 13, "放送时间": "2021年4月5日", "导演": "木下麦（P.I.C.S.）", "声优": ["花江夏樹", "飯田里穂", "木村良平", "山口勝平", "三森すずこ", "小泉萌香", "村上まなつ", "古川慎", "昴生"], "脚本": ["P.I.C.S.", "木下麦・中山裕美"], "评分": 8.5, "评分人数": 15787}
{"封面": "https://lain.bgm.tv/pic/cover/c/f5/a0/39923_k7338.jpg", "名称": "新世纪福音战士剧场版 DEATH(TRUE)2/Air/真心为你", "类型": "剧场版", "排名": 43, "话数": 3, "放送时间": "1998年3月7日", "导演": "庵野秀明", "声优": [], "脚本": [], "评分": 8.5, "评分人数": 6453}
{"封面": "https://lain.bgm.tv/pic/cover/c/02/a3/841_P6wS5.jpg", "名称": "红辣椒", "类型": "剧场版", "排名": 44, "话数": 1, "放送时间": "2006年11月25日", "导演": "今敏", "声优": ["林原めぐみ", "堀勝之祐", "古谷徹", "大塚明夫", "江守徹", "山寺宏一", "林原めぐみ", "筒井康隆", "今敏"], "脚本": ["筒井康隆", "安藤雅司"], "评分": 8.5, "评分人数": 10364}
{"封面": "https://lain.bgm.tv/pic/cover/c/26/e3/298_WFVhX.jpg", "名称": "天空之城", "类型": "剧场版", "排名": 45, "话数": 1, "放送时间": "1986年8月2日", "导演": "宮崎駿", "声优": ["よこざわけい子", "Anna Paquin", "田中真弓", "初井言榮", "Mark Hamill", "寺田農", "永井一郎", "Jim Cummings", "糸博", "神山卓三", "安原義人", "亀山助清"], "脚本": ["宮崎駿（徳間書店月刊「アニメージュ」連載）"], "评分": 8.5, "评分人数": 12404}
{"封面": "https://lain.bgm.tv/pic/cover/c/a6/33/92705_P0yq4.jpg", "名称": "虫师 续章", "类型": "TV", "排名": 46, "话数": 11, "放送时间": "2014年4月4日", "导演": "長濵博史", "声优": ["中野裕斗", "うえだゆうじ", "小林愛", "日笠陽子", "岸尾だいすけ", "土井美加"], "脚本": ["漆原友紀", "馬越嘉彦"], "评分": 8.5, "评分人数": 4032}
{"封面": "https://lain.bgm.tv/pic/cover/c/6f/ab/3302_rEfZV.jpg", "名称": "福音战士新剧场版：破", "类型": "剧场版", "排名": 47, "话数": 1, "放送时间": "2009年6月27日", "导演": "摩砂雪、鶴巻和哉", "声优": ["緒方恵美", "林原めぐみ", "宮村優子", "坂本真綾", "三石琴乃", "山口由里子", "長沢美樹", "石田彰", "林原めぐみ"], "脚本": ["庵野秀明", "貞本義行（主）"], "评分": 8.5, "评分人数": 13926}
{"封面": "https://lain.bgm.tv/pic/cover/c/0e/14/9912_vHEd6.jpg", "名称": "日常", "类型": "TV", "排名": 48, "话数": 26, "放送时间": "2011年4月2日", "导演": "石原立也", "声优": ["本多真梨子", "相沢舞", "富樫美鈴", "古谷静佳", "今野宏美", "白石稔", "堀川千華", "川原慶久", "山本和臣"], "脚本": ["あらゐけいいち", "西屋太志"], "评分": 8.5, "评分人数": 20011}
{"封面": "https://lain.bgm.tv/pic/cover/c/33/80/4583_RvVeE.jpg", "名称": "机动战士高达 逆袭的夏亚", "类型": "剧场版", "排名": 49, "话数": 1, "放送时间": "1988年3月12日", "导演": "林弘幸", "声优": ["古谷徹", "池田秀一", "鈴置洋孝", "森しん", "川村万梨阿", "佐々木望", "山寺宏一", "榊原良子", "弥生みつき"], "脚本": ["富野由悠季", "北爪宏幸"], "评分": 8.5, "评分人数": 3539}
{"封面": "https://lain.bgm.tv/pic/cover/c/69/28/152091_Bg7Hc.jpg", "名称": "吹响！悠风号 第二季", "类型": "TV", "排名": 50, "话数": 13, "放送时间": "2016年10月5日", "导演": "石原立也", "声优": ["黒沢ともよ", "朝井彩加", "豊田萌絵", "安済知佳", "寿美菜子", "茅原実里", "藤村鼓乃美", "山岡ゆり", "沼倉愛美"], "脚本": ["武田綾乃（宝島社文庫「響け！ユーフォニアム」シリーズ）", "池田晶子"], "评分": 8.5, "评分人数": 13734}
{"封面": "https://lain.bgm.tv/pic/cover/c/36/2e/848_RC9L8.jpg", "名称": "蜂蜜与四叶草II", "类型": "TV", "排名": 51, "话数": 12, "放送时间": "2006年6月29日", "导演": "長井龍雪", "声优": ["野島健児", "神谷浩史", "本田貴子", "工藤晴香", "杉田智和", "大原さやか", "高橋美佳子", "釘宮理恵", "うえだゆうじ", "藤原啓治", "皆川純子", "竹若拓磨", "浜田賢二"], "脚本": ["羽海野チカ", "島村秀一"], "评分": 8.5, "评分人数": 3894}
